<?xml version="1.0" encoding="UTF-8"?><rss version="2.0"
	xmlns:content="http://purl.org/rss/1.0/modules/content/"
	xmlns:wfw="http://wellformedweb.org/CommentAPI/"
	xmlns:dc="http://purl.org/dc/elements/1.1/"
	xmlns:atom="http://www.w3.org/2005/Atom"
	xmlns:sy="http://purl.org/rss/1.0/modules/syndication/"
	xmlns:slash="http://purl.org/rss/1.0/modules/slash/"
	>

<channel>
	<title>Q&amp;A &#8211; Home</title>
	<atom:link href="http://localhost/esercitazione3/category/senza-categoria/qa/feed/?simply_static_page=126" rel="self" type="application/rss+xml" />
	<link>./../../../../index.html</link>
	<description></description>
	<lastBuildDate>Thu, 02 Mar 2023 16:09:53 +0000</lastBuildDate>
	<language>it-IT</language>
	<sy:updatePeriod>
	hourly	</sy:updatePeriod>
	<sy:updateFrequency>
	1	</sy:updateFrequency>
	<generator>https://wordpress.org/?v=6.1.1</generator>
	<item>
		<title>I trasporti sono inclusi nel pacchetto base?</title>
		<link>./../../../../2023/03/02/i-trasporti-sono-inclusi-nel-pacchetto-base/index.html</link>
					<comments>./../../../../2023/03/02/i-trasporti-sono-inclusi-nel-pacchetto-base/index.html#respond</comments>
		
		<dc:creator><![CDATA[cosimo]]></dc:creator>
		<pubDate>Thu, 02 Mar 2023 16:03:33 +0000</pubDate>
				<category><![CDATA[Q&A]]></category>
		<guid isPermaLink="false">./../../../../index.html?p=84</guid>

					<description><![CDATA[I trasporti non sono inclusi poichè arrivate da tutta Italia ma potete aggiungerli come supplementi.]]></description>
										<content:encoded><![CDATA[
<p>I trasporti non sono inclusi poichè arrivate da tutta Italia ma potete aggiungerli come supplementi.</p>
]]></content:encoded>
					
					<wfw:commentRss>./../../../../2023/03/02/i-trasporti-sono-inclusi-nel-pacchetto-base/feed/index.html</wfw:commentRss>
			<slash:comments>0</slash:comments>
		
		
			</item>
		<item>
		<title>Posso annullare il viaggi se decido di non partire più?</title>
		<link>./../../../../2023/03/02/domanda-1/index.html</link>
					<comments>./../../../../2023/03/02/domanda-1/index.html#respond</comments>
		
		<dc:creator><![CDATA[cosimo]]></dc:creator>
		<pubDate>Thu, 02 Mar 2023 16:02:09 +0000</pubDate>
				<category><![CDATA[Q&A]]></category>
		<guid isPermaLink="false">./../../../../index.html?p=82</guid>

					<description><![CDATA[I nostri viaggi possono essere annullati entro 30 giorni dalla partenza.]]></description>
										<content:encoded><![CDATA[
<p>I nostri viaggi possono essere annullati entro 30 giorni dalla partenza.</p>



<p></p>
]]></content:encoded>
					
					<wfw:commentRss>./../../../../2023/03/02/domanda-1/feed/index.html</wfw:commentRss>
			<slash:comments>0</slash:comments>
		
		
			</item>
	</channel>
</rss>
