<?xml version="1.0" encoding="UTF-8"?><rss version="2.0"
	xmlns:content="http://purl.org/rss/1.0/modules/content/"
	xmlns:wfw="http://wellformedweb.org/CommentAPI/"
	xmlns:dc="http://purl.org/dc/elements/1.1/"
	xmlns:atom="http://www.w3.org/2005/Atom"
	xmlns:sy="http://purl.org/rss/1.0/modules/syndication/"
	xmlns:slash="http://purl.org/rss/1.0/modules/slash/"
	>

<channel>
	<title>info &#8211; Home</title>
	<atom:link href="http://localhost/esercitazione3/category/info/feed/?simply_static_page=124" rel="self" type="application/rss+xml" />
	<link>./../../../index.html</link>
	<description></description>
	<lastBuildDate>Thu, 02 Mar 2023 16:09:24 +0000</lastBuildDate>
	<language>it-IT</language>
	<sy:updatePeriod>
	hourly	</sy:updatePeriod>
	<sy:updateFrequency>
	1	</sy:updateFrequency>
	<generator>https://wordpress.org/?v=6.1.1</generator>
	<item>
		<title>Destinazioni extra-europee</title>
		<link>./../../../2023/03/02/articolo-due/index.html</link>
					<comments>./../../../2023/03/02/articolo-due/index.html#respond</comments>
		
		<dc:creator><![CDATA[cosimo]]></dc:creator>
		<pubDate>Thu, 02 Mar 2023 15:59:42 +0000</pubDate>
				<category><![CDATA[info]]></category>
		<guid isPermaLink="false">./../../../index.html?p=79</guid>

					<description><![CDATA[Ricordiamo che per queste destinazioni è richiesto il passaporto, ultimamente c&#8217;è una grande richiesta e ci vogliono dai 2 ai 6 mesi per riceverlo!]]></description>
										<content:encoded><![CDATA[
<p>Ricordiamo che per queste destinazioni è richiesto il passaporto, ultimamente c&#8217;è una grande richiesta e ci vogliono dai 2 ai 6 mesi per riceverlo!</p>
]]></content:encoded>
					
					<wfw:commentRss>./../../../2023/03/02/articolo-due/feed/index.html</wfw:commentRss>
			<slash:comments>0</slash:comments>
		
		
			</item>
		<item>
		<title>Età dei viaggi</title>
		<link>./../../../2023/03/02/blog/index.html</link>
					<comments>./../../../2023/03/02/blog/index.html#respond</comments>
		
		<dc:creator><![CDATA[cosimo]]></dc:creator>
		<pubDate>Thu, 02 Mar 2023 14:21:37 +0000</pubDate>
				<category><![CDATA[info]]></category>
		<guid isPermaLink="false">./../../../index.html?p=23</guid>

					<description><![CDATA[I nostri viaggi sono pensati per persone tra i 18 e i 35 anni.]]></description>
										<content:encoded><![CDATA[
<p>I nostri viaggi sono pensati per persone tra i 18 e i 35 anni.</p>
]]></content:encoded>
					
					<wfw:commentRss>./../../../2023/03/02/blog/feed/index.html</wfw:commentRss>
			<slash:comments>0</slash:comments>
		
		
			</item>
	</channel>
</rss>
